issue,User,Response,response1,response2,response3
1,"What the hell is going on? I just tried to send money to my friend in the UK, and it says the transaction failed! This is an emergency, and now I'm stuck! Why isn't this working?","I understand your frustration, [User Name]. Let's see what happened with the transaction. Could you please tell me the amount you tried to transfer and the recipient's details?","I understand your frustration, [User Name]. Let's see what happened with the transaction. Could you please tell me the amount you tried to transfer and the recipient's details?","I can see how frustrating this situation must be for you, and I genuinely want to help. Let's get to the bottom of this together! 

Could you please provide me with the following details? 

- The amount you attempted to send 
- The recipient's information (name and any other relevant details)

With this information, we can work together to resolve the transaction issue quickly!","I understand you're in a tough spot. It sounds like a really important transfer failed, and that's understandably frustrating. I’m here to help.  

To get this sorted out quickly, could you please share the amount you tried to send, the name of your friend in the UK, and the bank or payment platform you used?  
"
1,It's £500 to [Friend's Name] - [Friend's Account Number]! I can't believe this is happening! I need this money to get to my friend ASAP!,"Thank you for that information. I've checked the system, and it seems the transaction was declined due to insufficient funds in your account. We will need to verify the balance before we can process the transfer. Could you confirm the current balance you are seeing in your account?",,,
1,"Insufficient funds? Are you kidding me? I have more than enough money! I just checked my account, and there's plenty in there! This is ridiculous! What's going on with your system?",I understand your frustration. It appears there might be a temporary glitch in our system causing the balance to be displayed incorrectly. Let me escalate this issue to a human agent who can review your account and the transaction details further. Please hold while I connect you.,,,
1,"Finally, someone who can actually help! I need this sorted out now. This is an emergency.","Good afternoon, [User Name]. My name is [Agent Name]. I understand you're experiencing an issue with an international transfer. I've reviewed your account details and confirmed there are sufficient funds for the transfer. It seems the transaction was stuck due to a temporary system error. I have manually processed the transfer, and it should be completed within the next hour. I apologize for the inconvenience and appreciate your patience.",,,
1,"Thank you, that's a relief. I hope this doesn't happen again. I need to be able to rely on your service, especially in emergencies.",I understand. We are working on improving our system's reliability to prevent these situations in the future. Please let me know if you have any other questions or concerns. Have a good day.,,,
2,"This is absolutely ridiculous! I just tried to pay my rent through your app, and the transaction failed. But the money is gone from my account! This is causing me major stress, and I need this sorted out immediately!","Hi Sarah, I understand this is frustrating. Could you please provide me with the transaction details like the date, time, and amount of the transaction? I'll be happy to look into this for you.",,,
2,"It was this morning, around 9:30 AM. The amount was $1200. This is supposed to be my rent payment, and I'm already late! I need that money back in my account ASAP!","Thank you, Sarah. I've checked your transaction history, and I see the payment was indeed unsuccessful. Please don't worry, we are working on resolving this issue. We'll credit the funds back to your account within 24 hours. In the meantime, we recommend reaching out to your landlord and informing them of the situation. We'll send you an email notification once the funds have been credited.",,,
2,"24 hours? That's ridiculous! My landlord is going to charge me a late fee, and I'm already scrambling to cover this. I need this money back now, not in a day! Is there anything else you can do?","Sarah, I understand your urgency. I've escalated this to our priority team, and they will work to expedite the process. We will attempt to credit your account within the next 4 hours, and you will receive an email notification with the status update. We apologize for the inconvenience and are working to resolve this as quickly as possible.",,,
2,"Four hours is better than 24, but I'm still worried. Can you please confirm that my rent payment will be credited before the deadline? I don't want to end up in a worse situation because of this.","We understand your concern, Sarah. Our priority team is working on it, and we are doing everything we can to ensure the funds are credited to your account by 1 PM. You'll receive a notification once the process is complete. We apologize for the inconvenience caused.",,,
2,"Alright, I'll wait for that notification. Thank you for your help. I hope this gets resolved quickly. ","We are here to help, Sarah. Please don't hesitate to contact us if you have any further questions or concerns. We'll keep you updated on the progress. ",,,
3,"This is ridiculous! I've been trying to pay this bill for the past 20 minutes, and it keeps failing. I have more than enough money in my account, and my card is working perfectly! I need this payment processed immediately.","Hi Sarah, I understand your frustration. I'm here to help. Can you please tell me more about the transaction you're trying to make? For example, what type of payment is it, and what is the amount?",,,
3,"It's a payment for my monthly gym membership. It's $125. I've tried it multiple times now, but it just keeps saying ""Transaction Declined."" I'm supposed to be at my gym class in an hour, and now I'm going to miss it!","Okay, Sarah, I see that you're trying to make a payment to your gym, and it's failing. Can you please check if you have sufficient funds available for this transaction? It's possible that the payment amount might be slightly higher than your current balance, including any pending transactions or holds.",,,
3,Are you kidding me? I just told you I have enough money! I've checked my balance multiple times. What is going on?,"I understand your frustration, Sarah. Let's try to pinpoint the issue. Could you please confirm if you're using the correct card and account details for this payment? Sometimes a small error in the information can cause a transaction to fail.",,,
3,"Of course, I'm using the right card and account! This is absolutely infuriating. I've already wasted 30 minutes trying to get this done. I need to go.","I apologize for the inconvenience, Sarah. To further investigate the issue, I'll need to look into your account details and recent transaction history. For security purposes, I'll need to ask for a few pieces of personal information to verify your identity.",,,
3,"Ugh, fine. But hurry up.","Thank you, Sarah. After reviewing your account, it appears there is a temporary hold on your account due to a recent security check. This is a standard procedure to ensure the safety of your funds.",,,
3,Security check? What are you talking about? I haven't done anything suspicious.,"I understand, Sarah. This is a precautionary measure we take to prevent unauthorized transactions. To release the hold, I need to ask you a couple of security questions to confirm your identity.",,,
3,"Fine, just get it over with.","(Asks security questions, Sarah provides answers) Great, Sarah! The security check has been cleared, and your account should now be fully functional. You can now attempt your gym payment again.",,,
3,"Ok, let's hope this works.","Let me know if the transaction is successful, Sarah. I'm here if you need any further assistance.",,,
3,"(After a moment) It worked! Thank you. I'm still frustrated, but at least it's done.","You're welcome, Sarah. I'm glad we were able to resolve the issue. Have a great workout!",,,
4,"This is ridiculous! I'm trying to send money to my friend, and this app keeps giving me an error message. I need this money sent now, it's urgent! What's going on?","Hi Sarah, I understand your frustration. It seems you're experiencing an issue with a transaction. Could you please tell me more about the error message you received? Also, can you confirm the amount and recipient details you're trying to send?",,,
4,"It just says 'Transaction failed. Please try again later.' I'm trying to send $200 to [Friend's Name] at [Friend's Account Number]. It's for her birthday, and I told her I'd send it today!","Thanks for providing the details, Sarah. Let's see if we can get this resolved. Could you please try restarting your app and attempting the transaction again? If the issue persists, we may need to investigate further.",,,
4,Are you kidding me? I've restarted the app three times already! This is just another problem with this app! I'm so fed up! I'm going to have to find another bank if this is how you handle things!,"I understand your frustration, Sarah. Let's try a different approach. Would you be comfortable providing me with your phone number so I can connect you with a human agent who can further investigate the issue and assist you with the transaction? They will be able to review the details and provide you with a solution.",,,
4,"Fine. But if this doesn't get resolved quickly, I'm leaving Jupiter for good! [Provides phone number].","Thank you, Sarah. I've passed your information to an agent who will contact you shortly. They will be able to investigate the issue and provide you with a resolution. Please expect a call within the next 15 minutes.",,,
4,"Alright, I'll wait. But I better get a call soon!","Hello Sarah, this is [Agent's name] from Jupiter. I'm calling to follow up on your recent transaction issue. I've been able to verify the problem and have manually processed your transfer. The funds should be available to your friend's account within the next hour. I apologize for the inconvenience this caused. Is there anything else I can help you with today?",,,
4,"Well, I'm relieved that it's finally done. But I'm still pretty annoyed that I had to go through all this in the first place. You should really have better systems in place.","I understand your frustration, Sarah. We strive to provide a seamless experience for our customers. I've made a note of the issue you experienced and will be sure to relay your feedback to our development team. Is there anything else I can help you with today?",,,
4,"No, that's all for now. Thanks for getting it sorted out.","You're welcome, Sarah. We're happy to help. Please don't hesitate to reach out if you have any further questions or issues in the future.",,,
5,What the heck?! This is ridiculous! I'm already late for work and now my rent payment is stuck. I need this to go through immediately! What's going on?,"Hi Sarah, I understand your frustration. It seems your rent payment was unsuccessful. Could you please tell me more about the issue? What error message did you receive? ",,,
5,"It just said 'Error processing transaction' and wouldn't let me proceed. This is the second time this has happened this week! This is unacceptable! I need to pay my rent, it's due today!","I'm sorry you're experiencing this, Sarah. I can help. To troubleshoot this, could you confirm if you have sufficient funds in your account to cover the rent payment? Also, please double-check if you've entered the correct account details for your landlord.",,,
5,"Of course I have enough money! I'm not an idiot. And I triple-checked the details! I'm not going to make the same mistake twice! This is frustrating, I need this to be fixed right now! ","I understand your frustration, Sarah. To ensure your payment goes through, I recommend you try again later. It's possible there's a temporary technical glitch in the system. If the problem persists, please contact our customer support team at [phone number] for assistance. We are here to help you resolve this issue.",,,
5,"This is ridiculous! I don't have time to wait 'later'! I'm already late for work! This is your fault, your app is glitching! I demand this payment be processed now!","I understand your urgency, Sarah. To expedite the process, I can connect you to one of our customer support agents who can assist you directly. Please be assured, they will do their best to resolve this issue as quickly as possible.",,,
5,"Finally, about time! Connect me to an agent now!",Connecting you now... You will be transferred to a customer service agent shortly.,,,
6,"Hey, I just realized my debit card is missing. I'm abroad for work and I need to make some purchases. How do I report this immediately? I'm freaking out!","Hey David, I understand you're in a stressful situation. Don't worry, we can help. Please confirm your card number (just the last 4 digits) and the date you last used it.",,,
6,(Angrily) I'm not giving out my card details to a chatbot! I need to talk to someone right now.,"I understand your concern, David. I'm here to help. To ensure your security, I can't provide assistance without verifying your identity. Please share the last 4 digits of your card number, and I'll connect you with a human agent who can assist you.",,,
6,"(Frustrated) Fine, the last 4 digits are 1234. Now, what do I do next? I need a new card right away!","Thanks, David. I've flagged your account and blocked your card to prevent any unauthorized transactions. A new card will be issued and shipped to your registered address within 3 business days. In the meantime, you can use the Jupiter app to make payments or use your virtual card for online purchases.",,,
6,3 days? That's not going to work! I need to buy supplies for my team today. How can I get a replacement card faster?,"David, I understand your urgency. Unfortunately, due to security protocols and international shipping, we cannot expedite the card delivery. However, I can help you with a temporary solution. We can enable a virtual card in your Jupiter app that you can use for online purchases immediately. Would you like me to guide you through that process?",,,
6,"(Slightly calmer) Okay, I'll give that a try. Let's do it.","Great! Please open your Jupiter app and navigate to the 'Cards' section. Tap on the 'Virtual Card' option, and you'll see a screen with the details for your new virtual card.",,,
6,(Relieved) I see it now. Thank you so much! This is a huge relief.,"You're welcome, David! We're here to help. We'll also send you an email with detailed information about your new virtual card and the status of your physical card delivery. Is there anything else I can assist you with today?",,,
6,"No, that's all for now. Thanks again!","You're welcome, David! Have a great day!",,,
7,"This is ridiculous! I've been trying to pay my rent for the past hour, and this app keeps saying there's an error. I'm so frustrated, it's due tomorrow and I'm going to get hit with a late fee!","Hi Sarah, I understand your frustration. I'm sorry to hear about the trouble with your rent payment. Can you tell me more about what's happening? What error message are you seeing? ",,,
7,"It just says 'Transaction failed. Please try again later'. Try again later? I can't try again later! My rent is due tomorrow! I'm so close to just going to the bank and paying it in person, but I hate having to deal with that hassle.","I understand your concern, Sarah. To help me troubleshoot, could you please tell me the amount of the payment and the name of the recipient? I'll check if there are any system issues or limitations on your account that might be causing the error.",,,
7,It's $1200 to [Landlord Name] - this is beyond frustrating! I've never had problems with this app before.,"Thanks for providing that information, Sarah. I've checked and there are no system issues currently. However, I see that your daily transaction limit is set to $1000. This could be why your payment is failing. Would you like me to help you increase your limit temporarily for this transaction?",,,
7,"That's it? You mean to tell me I can't pay my rent because of some stupid limit? This is ridiculous! I need to pay this right now, increase the limit immediately!","I understand your frustration, Sarah. I've increased your daily transaction limit to $1500. Please try making the payment again. If you still encounter problems, let me know and I'll escalate this to a human agent for further assistance.",,,
7,"Fine, but I'm going to keep a close eye on this. Don't tell me this was the only problem and my payment still fails.","No worries, Sarah. I'm here to help. Let me know if you have any more trouble. And I apologize again for the inconvenience.",,,
7,"Okay, I'll try again. And I'm definitely going to be looking at my account settings to make sure this doesn't happen again.","You're welcome, Sarah. Please let me know if there are any further issues. Have a good day.",,,
